{
    "bathymetry": 410.8172607421875,
    "mean_sst": 2963.006103515625,
    "range_sst": 416.51983642578125,
    "salinity": 1483.825927734375,
    "chlorophyll": 171.2432098388672,
    "slope": 306.4052734375,
    "distance_to_shore_m": 732.4281616210938
}