{
    "cv": {
        "mean_f1": 88.29,
        "std_f1": 1.36,
        "precision": [
            87.66,
            95.11,
            85.37
        ],
        "recall": [
            88.0,
            80.0,
            95.45
        ],
        "f1": [
            87.83,
            86.9,
            90.13
        ],
        "best_threshold": [
            0.4938373267650604,
            0.5,
            0.22414928674697876
        ],
        "num_trees": [
            11,
            102,
            348
        ]
    },
    "test": {
        "precision": 76.55,
        "recall": 90.62,
        "f1": 82.99
    }
}